{
  "project_info": {
    "project_number": "1756738539",
    "project_id": "rentloo",
    "storage_bucket": "rentloo.appspot.com"
  },
  "client": [
    {
      "client_info": {
        "mobilesdk_app_id": "1:1756738539:android:9a7613651880c9991f9fae",
        "android_client_info": {
          "package_name": "com.example.rentloo"
        }
      },
      "oauth_client": [
        {
          "client_id": "1756738539-ajc4o0nev19o584jkreanhosbsvtcvqk.apps.googleusercontent.com",
          "client_type": 1,
          "android_info": {
            "package_name": "com.example.rentloo",
            "certificate_hash": "baa117d1f4b583fe60173a3e9442709339dbf664"
          }
        },
        {
          "client_id": "1756738539-e4g0lom6igr2988fp54i6ge8vv2o40av.apps.googleusercontent.com",
          "client_type": 3
        }
      ],
      "api_key": [
        {
          "current_key": "AIzaSyArIsEIZsFXbolqDocRJt4f4ulcQe9ZIS8"
        }
      ],
      "services": {
        "appinvite_service": {
          "other_platform_oauth_client": [
            {
              "client_id": "1756738539-e4g0lom6igr2988fp54i6ge8vv2o40av.apps.googleusercontent.com",
              "client_type": 3
            }
          ]
        }
      }
    }
  ],
  "configuration_version": "1"
}